area_id,area_level,parent_area_id,area_name,spectrum_region_code,area_sort_order
ZAF,0,,South Africa,,1
ZAF_1_WC,1,ZAF,Western Cape,1,2
ZAF_1_NC,1,ZAF,Northern Cape,3,3
ZAF_1_EC,1,ZAF,Eastern Cape,2,4
ZAF_1_FS,1,ZAF,Free State,4,5
ZAF_1_KZN,1,ZAF,KwaZulu-Natal,5,6
ZAF_1_MP,1,ZAF,Mpumalanga,8,7
ZAF_1_LIM,1,ZAF,Limpopo,9,8
ZAF_1_NW,1,ZAF,North West,6,9
ZAF_1_GT,1,ZAF,Gauteng,7,10
ZAF_2_CPT,2,ZAF_1_WC,Cape Town MM,1,11
ZAF_2_DC1,2,ZAF_1_WC,West Coast DM,1,12
ZAF_2_DC2,2,ZAF_1_WC,Cape Winelands DM,1,13
ZAF_2_DC3,2,ZAF_1_WC,Overberg DM,1,14
ZAF_2_DC4,2,ZAF_1_WC,Garden Route DM,1,15
ZAF_2_DC5,2,ZAF_1_WC,Central Karoo DM,1,16
ZAF_2_DC6,2,ZAF_1_NC,Namakwa DM,3,17
ZAF_2_DC7,2,ZAF_1_NC,Pixley ka Seme DM,3,18
ZAF_2_DC8,2,ZAF_1_NC,ZF Mgcawu DM,3,19
ZAF_2_DC9,2,ZAF_1_NC,Frances Baard DM,3,20
ZAF_2_DC45,2,ZAF_1_NC,J T Gaetsewe DM,3,21
ZAF_2_BUF,2,ZAF_1_EC,Buffalo City MM,2,22
ZAF_2_NMA,2,ZAF_1_EC,N Mandela Bay MM,2,23
ZAF_2_DC10,2,ZAF_1_EC,Sarah Baartman DM,2,24
ZAF_2_DC12,2,ZAF_1_EC,Amathole DM,2,25
ZAF_2_DC13,2,ZAF_1_EC,C Hani DM,2,26
ZAF_2_DC14,2,ZAF_1_EC,Joe Gqabi DM,2,27
ZAF_2_DC15,2,ZAF_1_EC,O Tambo DM,2,28
ZAF_2_DC44,2,ZAF_1_EC,A Nzo DM,2,29
ZAF_2_MAN,2,ZAF_1_FS,Mangaung MM,4,30
ZAF_2_DC16,2,ZAF_1_FS,Xhariep DM,4,31
ZAF_2_DC18,2,ZAF_1_FS,Lejweleputswa DM,4,32
ZAF_2_DC19,2,ZAF_1_FS,T Mofutsanyana DM,4,33
ZAF_2_DC20,2,ZAF_1_FS,Fezile Dabi DM,4,34
ZAF_2_ETH,2,ZAF_1_KZN,eThekwini MM,5,35
ZAF_2_DC21,2,ZAF_1_KZN,Ugu DM,5,36
ZAF_2_DC22,2,ZAF_1_KZN,uMgungundlovu DM,5,37
ZAF_2_DC23,2,ZAF_1_KZN,Uthukela DM,5,38
ZAF_2_DC24,2,ZAF_1_KZN,Umzinyathi DM,5,39
ZAF_2_DC25,2,ZAF_1_KZN,Amajuba DM,5,40
ZAF_2_DC26,2,ZAF_1_KZN,Zululand DM,5,41
ZAF_2_DC27,2,ZAF_1_KZN,Umkhanyakude DM,5,42
ZAF_2_DC28,2,ZAF_1_KZN,King Cetshwayo DM,5,43
ZAF_2_DC29,2,ZAF_1_KZN,iLembe DM,5,44
ZAF_2_DC43,2,ZAF_1_KZN,Harry Gwala DM,5,45
ZAF_2_DC30,2,ZAF_1_MP,G Sibande DM,8,46
ZAF_2_DC31,2,ZAF_1_MP,Nkangala DM,8,47
ZAF_2_DC32,2,ZAF_1_MP,Ehlanzeni DM,8,48
ZAF_2_DC33,2,ZAF_1_LIM,Mopani DM,9,49
ZAF_2_DC34,2,ZAF_1_LIM,Vhembe DM,9,50
ZAF_2_DC35,2,ZAF_1_LIM,Capricorn DM,9,51
ZAF_2_DC36,2,ZAF_1_LIM,Waterberg DM,9,52
ZAF_2_DC47,2,ZAF_1_LIM,Sekhukhune DM,9,53
ZAF_2_DC37,2,ZAF_1_NW,Bojanala Platinum DM,6,54
ZAF_2_DC38,2,ZAF_1_NW,Ngaka Modiri Molema DM,6,55
ZAF_2_DC39,2,ZAF_1_NW,Ruth Segomotsi Mompati DM,6,56
ZAF_2_DC40,2,ZAF_1_NW,Dr K Kaunda DM,6,57
ZAF_2_EKU,2,ZAF_1_GT,Ekurhuleni MM,7,58
ZAF_2_JHB,2,ZAF_1_GT,Johannesburg MM,7,59
ZAF_2_TSH,2,ZAF_1_GT,Tshwane MM,7,60
ZAF_2_DC42,2,ZAF_1_GT,Sedibeng DM,7,61
ZAF_2_DC48,2,ZAF_1_GT,West Rand DM,7,62
ZAF_3_CPT,3,ZAF_2_CPT,Cape Town MM,1,63
ZAF_3_WC011,3,ZAF_2_DC1,Matzikama LM,1,64
ZAF_3_WC012,3,ZAF_2_DC1,Cederberg LM,1,65
ZAF_3_WC013,3,ZAF_2_DC1,Bergrivier LM,1,66
ZAF_3_WC014,3,ZAF_2_DC1,Saldanha Bay LM,1,67
ZAF_3_WC015,3,ZAF_2_DC1,Swartland LM,1,68
ZAF_3_WC022,3,ZAF_2_DC2,Witzenberg LM,1,69
ZAF_3_WC023,3,ZAF_2_DC2,Drakenstein LM,1,70
ZAF_3_WC024,3,ZAF_2_DC2,Stellenbosch LM,1,71
ZAF_3_WC025,3,ZAF_2_DC2,Breede Valley LM,1,72
ZAF_3_WC026,3,ZAF_2_DC2,Langeberg LM,1,73
ZAF_3_WC031,3,ZAF_2_DC3,Theewaterskloof LM,1,74
ZAF_3_WC032,3,ZAF_2_DC3,Overstrand LM,1,75
ZAF_3_WC033,3,ZAF_2_DC3,Cape Agulhas LM,1,76
ZAF_3_WC034,3,ZAF_2_DC3,Swellendam LM,1,77
ZAF_3_WC041,3,ZAF_2_DC4,Kannaland LM,1,78
ZAF_3_WC042,3,ZAF_2_DC4,Hessequa LM,1,79
ZAF_3_WC043,3,ZAF_2_DC4,Mossel Bay LM,1,80
ZAF_3_WC044,3,ZAF_2_DC4,George LM,1,81
ZAF_3_WC045,3,ZAF_2_DC4,Oudtshoorn LM,1,82
ZAF_3_WC047,3,ZAF_2_DC4,Bitou LM,1,83
ZAF_3_WC048,3,ZAF_2_DC4,Knysna LM,1,84
ZAF_3_WC051,3,ZAF_2_DC5,Laingsburg LM,1,85
ZAF_3_WC052,3,ZAF_2_DC5,Prince Albert LM,1,86
ZAF_3_WC053,3,ZAF_2_DC5,Beaufort West LM,1,87
ZAF_3_NC061,3,ZAF_2_DC6,Richtersveld LM,3,88
ZAF_3_NC062,3,ZAF_2_DC6,Nama Khoi LM,3,89
ZAF_3_NC064,3,ZAF_2_DC6,Kamiesberg LM,3,90
ZAF_3_NC065,3,ZAF_2_DC6,Hantam LM,3,91
ZAF_3_NC066,3,ZAF_2_DC6,Karoo Hoogland LM,3,92
ZAF_3_NC067,3,ZAF_2_DC6,Khâi-Ma LM,3,93
ZAF_3_NC071,3,ZAF_2_DC7,Ubuntu LM,3,94
ZAF_3_NC072,3,ZAF_2_DC7,Umsobomvu LM,3,95
ZAF_3_NC073,3,ZAF_2_DC7,Emthanjeni LM,3,96
ZAF_3_NC074,3,ZAF_2_DC7,Kareeberg LM,3,97
ZAF_3_NC075,3,ZAF_2_DC7,Renosterberg LM,3,98
ZAF_3_NC076,3,ZAF_2_DC7,Thembelihle LM,3,99
ZAF_3_NC077,3,ZAF_2_DC7,Siyathemba LM,3,100
ZAF_3_NC078,3,ZAF_2_DC7,Siyancuma LM,3,101
ZAF_3_NC082,3,ZAF_2_DC8,Kai !Garib LM,3,102
ZAF_3_NC084,3,ZAF_2_DC8,!Kheis LM,3,103
ZAF_3_NC085,3,ZAF_2_DC8,Tsantsabane LM,3,104
ZAF_3_NC086,3,ZAF_2_DC8,Kgatelopele LM,3,105
ZAF_3_NC087,3,ZAF_2_DC8,Dawid Kruiper LM,3,106
ZAF_3_NC091,3,ZAF_2_DC9,Sol Plaatje LM,3,107
ZAF_3_NC092,3,ZAF_2_DC9,Dikgatlong LM,3,108
ZAF_3_NC093,3,ZAF_2_DC9,Magareng LM,3,109
ZAF_3_NC094,3,ZAF_2_DC9,Phokwane LM,3,110
ZAF_3_NC451,3,ZAF_2_DC45,Joe Morolong LM,3,111
ZAF_3_NC452,3,ZAF_2_DC45,Ga-Segonyana LM,3,112
ZAF_3_NC453,3,ZAF_2_DC45,Gamagara LM,3,113
ZAF_3_BUF,3,ZAF_2_BUF,Buffalo City MM,2,114
ZAF_3_NMA,3,ZAF_2_NMA,N Mandela Bay MM,2,115
ZAF_3_EC101,3,ZAF_2_DC10,Dr B Naudé LM,2,116
ZAF_3_EC102,3,ZAF_2_DC10,Blue Crane Route LM,2,117
ZAF_3_EC104,3,ZAF_2_DC10,Makana LM,2,118
ZAF_3_EC105,3,ZAF_2_DC10,Ndlambe LM,2,119
ZAF_3_EC106,3,ZAF_2_DC10,Sundays River Valley LM,2,120
ZAF_3_EC108,3,ZAF_2_DC10,Kouga LM,2,121
ZAF_3_EC109,3,ZAF_2_DC10,Kou-Kamma LM,2,122
ZAF_3_EC121,3,ZAF_2_DC12,Mbhashe LM,2,123
ZAF_3_EC122,3,ZAF_2_DC12,Mnquma LM,2,124
ZAF_3_EC123,3,ZAF_2_DC12,Great Kei LM,2,125
ZAF_3_EC124,3,ZAF_2_DC12,Amahlathi LM,2,126
ZAF_3_EC126,3,ZAF_2_DC12,Ngqushwa LM,2,127
ZAF_3_EC129,3,ZAF_2_DC12,Raymond Mhlaba LM,2,128
ZAF_3_EC131,3,ZAF_2_DC13,Inxuba Yethemba LM,2,129
ZAF_3_EC135,3,ZAF_2_DC13,Intsika Yethu LM,2,130
ZAF_3_EC136,3,ZAF_2_DC13,Emalahleni LM,2,131
ZAF_3_EC137,3,ZAF_2_DC13,Engcobo LM,2,132
ZAF_3_EC138,3,ZAF_2_DC13,Sakhisizwe LM,2,133
ZAF_3_EC139,3,ZAF_2_DC13,Enoch Mgijima LM,2,134
ZAF_3_EC141,3,ZAF_2_DC14,Elundini LM,2,135
ZAF_3_EC142,3,ZAF_2_DC14,Senqu LM,2,136
ZAF_3_EC145,3,ZAF_2_DC14,Walter Sisulu LM,2,137
ZAF_3_EC153,3,ZAF_2_DC15,Ingquza Hill LM,2,138
ZAF_3_EC154,3,ZAF_2_DC15,Port St Johns LM,2,139
ZAF_3_EC155,3,ZAF_2_DC15,Nyandeni LM,2,140
ZAF_3_EC156,3,ZAF_2_DC15,Mhlontlo LM,2,141
ZAF_3_EC157,3,ZAF_2_DC15,King Sabata Dalindyebo LM,2,142
ZAF_3_EC441,3,ZAF_2_DC44,Matatiele LM,2,143
ZAF_3_EC442,3,ZAF_2_DC44,Umzimvubu LM,2,144
ZAF_3_EC443,3,ZAF_2_DC44,Mbizana LM,2,145
ZAF_3_EC444,3,ZAF_2_DC44,Ntabankulu LM,2,146
ZAF_3_MAN,3,ZAF_2_MAN,Mangaung MM,4,147
ZAF_3_FS161,3,ZAF_2_DC16,Letsemeng LM,4,148
ZAF_3_FS162,3,ZAF_2_DC16,Kopanong LM,4,149
ZAF_3_FS163,3,ZAF_2_DC16,Mohokare LM,4,150
ZAF_3_FS181,3,ZAF_2_DC18,Masilonyana LM,4,151
ZAF_3_FS182,3,ZAF_2_DC18,Tokologo LM,4,152
ZAF_3_FS183,3,ZAF_2_DC18,Tswelopele LM,4,153
ZAF_3_FS184,3,ZAF_2_DC18,Matjhabeng LM,4,154
ZAF_3_FS185,3,ZAF_2_DC18,Nala LM,4,155
ZAF_3_FS191,3,ZAF_2_DC19,Setsoto LM,4,156
ZAF_3_FS192,3,ZAF_2_DC19,Dihlabeng LM,4,157
ZAF_3_FS193,3,ZAF_2_DC19,Nketoana LM,4,158
ZAF_3_FS194,3,ZAF_2_DC19,Maluti-a-Phofung LM,4,159
ZAF_3_FS195,3,ZAF_2_DC19,Phumelela LM,4,160
ZAF_3_FS196,3,ZAF_2_DC19,Mantsopa LM,4,161
ZAF_3_FS201,3,ZAF_2_DC20,Moqhaka LM,4,162
ZAF_3_FS203,3,ZAF_2_DC20,Ngwathe LM,4,163
ZAF_3_FS204,3,ZAF_2_DC20,Metsimaholo LM,4,164
ZAF_3_FS205,3,ZAF_2_DC20,Mafube LM,4,165
ZAF_3_ETH,3,ZAF_2_ETH,eThekwini MM,5,166
ZAF_3_KZN212,3,ZAF_2_DC21,Umdoni LM,5,167
ZAF_3_KZN213,3,ZAF_2_DC21,Umzumbe LM,5,168
ZAF_3_KZN214,3,ZAF_2_DC21,Umuziwabantu LM,5,169
ZAF_3_KZN216,3,ZAF_2_DC21,Ray Nkonyeni LM,5,170
ZAF_3_KZN221,3,ZAF_2_DC22,uMshwathi LM,5,171
ZAF_3_KZN222,3,ZAF_2_DC22,uMngeni LM,5,172
ZAF_3_KZN223,3,ZAF_2_DC22,Mpofana LM,5,173
ZAF_3_KZN224,3,ZAF_2_DC22,Impendle LM,5,174
ZAF_3_KZN225,3,ZAF_2_DC22,Msunduzi LM,5,175
ZAF_3_KZN226,3,ZAF_2_DC22,Mkhambathini LM,5,176
ZAF_3_KZN227,3,ZAF_2_DC22,Richmond LM,5,177
ZAF_3_KZN235,3,ZAF_2_DC23,Okhahlamba LM,5,178
ZAF_3_KZN237,3,ZAF_2_DC23,Inkosi Langalibalele LM,5,179
ZAF_3_KZN238,3,ZAF_2_DC23,Alfred Duma LM,5,180
ZAF_3_KZN241,3,ZAF_2_DC24,Endumeni LM,5,181
ZAF_3_KZN242,3,ZAF_2_DC24,Nquthu LM,5,182
ZAF_3_KZN244,3,ZAF_2_DC24,Msinga LM,5,183
ZAF_3_KZN245,3,ZAF_2_DC24,Umvoti LM,5,184
ZAF_3_KZN252,3,ZAF_2_DC25,Newcastle LM,5,185
ZAF_3_KZN253,3,ZAF_2_DC25,Emadlangeni LM,5,186
ZAF_3_KZN254,3,ZAF_2_DC25,Dannhauser LM,5,187
ZAF_3_KZN261,3,ZAF_2_DC26,eDumbe LM,5,188
ZAF_3_KZN262,3,ZAF_2_DC26,uPhongolo LM,5,189
ZAF_3_KZN263,3,ZAF_2_DC26,AbaQulusi LM,5,190
ZAF_3_KZN265,3,ZAF_2_DC26,Nongoma LM,5,191
ZAF_3_KZN266,3,ZAF_2_DC26,Ulundi LM,5,192
ZAF_3_KZN271,3,ZAF_2_DC27,uMhlabuyalingana LM,5,193
ZAF_3_KZN272,3,ZAF_2_DC27,Jozini LM,5,194
ZAF_3_KZN275,3,ZAF_2_DC27,Mtubatuba LM,5,195
ZAF_3_KZN276,3,ZAF_2_DC27,Big 5 Hlabisa LM,5,196
ZAF_3_KZN281,3,ZAF_2_DC28,uMfolozi LM,5,197
ZAF_3_KZN282,3,ZAF_2_DC28,City of uMhlathuze LM,5,198
ZAF_3_KZN284,3,ZAF_2_DC28,uMlalazi LM,5,199
ZAF_3_KZN285,3,ZAF_2_DC28,Mthonjaneni LM,5,200
ZAF_3_KZN286,3,ZAF_2_DC28,Nkandla LM,5,201
ZAF_3_KZN291,3,ZAF_2_DC29,Mandeni LM,5,202
ZAF_3_KZN292,3,ZAF_2_DC29,KwaDukuza LM,5,203
ZAF_3_KZN293,3,ZAF_2_DC29,Ndwedwe LM,5,204
ZAF_3_KZN294,3,ZAF_2_DC29,Maphumulo LM,5,205
ZAF_3_KZN433,3,ZAF_2_DC43,Gr Kokstad LM,5,206
ZAF_3_KZN434,3,ZAF_2_DC43,Ubuhlebezwe LM,5,207
ZAF_3_KZN435,3,ZAF_2_DC43,uMzimkhulu LM,5,208
ZAF_3_KZN436,3,ZAF_2_DC43,Dr N Dlamini Zuma LM,5,209
ZAF_3_MP301,3,ZAF_2_DC30,Chief Albert Luthuli LM,8,210
ZAF_3_MP302,3,ZAF_2_DC30,Msukaligwa LM,8,211
ZAF_3_MP303,3,ZAF_2_DC30,Mkhondo LM,8,212
ZAF_3_MP304,3,ZAF_2_DC30,Dr Pixley Ka Isaka Seme LM,8,213
ZAF_3_MP305,3,ZAF_2_DC30,Lekwa LM,8,214
ZAF_3_MP306,3,ZAF_2_DC30,Dipaleseng LM,8,215
ZAF_3_MP307,3,ZAF_2_DC30,Govan Mbeki LM,8,216
ZAF_3_MP311,3,ZAF_2_DC31,Victor Khanye LM,8,217
ZAF_3_MP312,3,ZAF_2_DC31,Emalahleni LM,8,218
ZAF_3_MP313,3,ZAF_2_DC31,Steve Tshwete LM,8,219
ZAF_3_MP314,3,ZAF_2_DC31,Emakhazeni LM,8,220
ZAF_3_MP315,3,ZAF_2_DC31,Thembisile Hani LM,8,221
ZAF_3_MP316,3,ZAF_2_DC31,Dr JS Moroka LM,8,222
ZAF_3_MP321,3,ZAF_2_DC32,Thaba Chweu LM,8,223
ZAF_3_MP324,3,ZAF_2_DC32,Nkomazi LM,8,224
ZAF_3_MP325,3,ZAF_2_DC32,Bushbuckridge LM,8,225
ZAF_3_MP326,3,ZAF_2_DC32,City of Mbombela LM,8,226
ZAF_3_LIM331,3,ZAF_2_DC33,Greater Giyani LM,9,227
ZAF_3_LIM332,3,ZAF_2_DC33,Greater Letaba LM,9,228
ZAF_3_LIM333,3,ZAF_2_DC33,Greater Tzaneen LM,9,229
ZAF_3_LIM334,3,ZAF_2_DC33,Ba-Phalaborwa LM,9,230
ZAF_3_LIM335,3,ZAF_2_DC33,Maruleng LM,9,231
ZAF_3_LIM341,3,ZAF_2_DC34,Musina LM,9,232
ZAF_3_LIM343,3,ZAF_2_DC34,Thulamela LM,9,233
ZAF_3_LIM344,3,ZAF_2_DC34,Makhado LM,9,234
ZAF_3_LIM345,3,ZAF_2_DC34,Collins Chabane LM,9,235
ZAF_3_LIM351,3,ZAF_2_DC35,Blouberg LM,9,236
ZAF_3_LIM353,3,ZAF_2_DC35,Molemole LM,9,237
ZAF_3_LIM354,3,ZAF_2_DC35,Polokwane LM,9,238
ZAF_3_LIM355,3,ZAF_2_DC35,Lepelle-Nkumpi LM,9,239
ZAF_3_LIM361,3,ZAF_2_DC36,Thabazimbi LM,9,240
ZAF_3_LIM362,3,ZAF_2_DC36,Lephalale LM,9,241
ZAF_3_LIM366,3,ZAF_2_DC36,Bela-Bela LM,9,242
ZAF_3_LIM367,3,ZAF_2_DC36,Mogalakwena LM,9,243
ZAF_3_LIM368,3,ZAF_2_DC36,Mookgophong/Modimolle LM,9,244
ZAF_3_LIM471,3,ZAF_2_DC47,Ephraim Mogale LM,9,245
ZAF_3_LIM472,3,ZAF_2_DC47,E Motsoaledi LM,9,246
ZAF_3_LIM473,3,ZAF_2_DC47,Makhuduthamaga LM,9,247
ZAF_3_LIM476,3,ZAF_2_DC47,Fetakgomo Tubatse LM,9,248
ZAF_3_NW371,3,ZAF_2_DC37,Moretele LM,6,249
ZAF_3_NW372,3,ZAF_2_DC37,Madibeng LM,6,250
ZAF_3_NW373,3,ZAF_2_DC37,Rustenburg LM,6,251
ZAF_3_NW374,3,ZAF_2_DC37,Kgetlengrivier LM,6,252
ZAF_3_NW375,3,ZAF_2_DC37,Moses Kotane LM,6,253
ZAF_3_NW381,3,ZAF_2_DC38,Ratlou LM,6,254
ZAF_3_NW382,3,ZAF_2_DC38,Tswaing LM,6,255
ZAF_3_NW383,3,ZAF_2_DC38,Mahikeng LM,6,256
ZAF_3_NW384,3,ZAF_2_DC38,Ditsobotla LM,6,257
ZAF_3_NW385,3,ZAF_2_DC38,R Moiloa LM,6,258
ZAF_3_NW392,3,ZAF_2_DC39,Naledi LM,6,259
ZAF_3_NW393,3,ZAF_2_DC39,Mamusa LM,6,260
ZAF_3_NW394,3,ZAF_2_DC39,Greater Taung LM,6,261
ZAF_3_NW396,3,ZAF_2_DC39,Lekwa-Teemane LM,6,262
ZAF_3_NW397,3,ZAF_2_DC39,Kagisano-Molopo LM,6,263
ZAF_3_NW403,3,ZAF_2_DC40,City of Matlosana LM,6,264
ZAF_3_NW404,3,ZAF_2_DC40,Maquassi Hills LM,6,265
ZAF_3_NW405,3,ZAF_2_DC40,JB Marks LM,6,266
ZAF_3_EKU,3,ZAF_2_EKU,Ekurhuleni MM,7,267
ZAF_3_JHB,3,ZAF_2_JHB,Johannesburg MM,7,268
ZAF_3_TSH,3,ZAF_2_TSH,Tshwane MM,7,269
ZAF_3_GT421,3,ZAF_2_DC42,Emfuleni LM,7,270
ZAF_3_GT422,3,ZAF_2_DC42,Midvaal LM,7,271
ZAF_3_GT423,3,ZAF_2_DC42,Lesedi LM,7,272
ZAF_3_GT481,3,ZAF_2_DC48,Mogale City LM,7,273
ZAF_3_GT484,3,ZAF_2_DC48,Merafong City LM,7,274
ZAF_3_GT485,3,ZAF_2_DC48,Rand West City LM,7,275
ZAF_4_CPTE,4,ZAF_3_CPT,CT Eastern SD,1,276
ZAF_4_CPTN,4,ZAF_3_CPT,CT Northern SD,1,277
ZAF_4_CPTS,4,ZAF_3_CPT,CT Southern SD,1,278
ZAF_4_CPTW,4,ZAF_3_CPT,CT Western SD,1,279
ZAF_4_CPTKH,4,ZAF_3_CPT,CT Khayelitsha SD,1,280
ZAF_4_CPTKL,4,ZAF_3_CPT,CT Klipfontein SD,1,281
ZAF_4_CPTMP,4,ZAF_3_CPT,CT Mitch Plain SD,1,282
ZAF_4_CPTTY,4,ZAF_3_CPT,CT Tygerberg SD,1,283
ZAF_4_WC011,4,ZAF_3_WC011,Matzikama LM,1,284
ZAF_4_WC012,4,ZAF_3_WC012,Cederberg LM,1,285
ZAF_4_WC013,4,ZAF_3_WC013,Bergrivier LM,1,286
ZAF_4_WC014,4,ZAF_3_WC014,Saldanha Bay LM,1,287
ZAF_4_WC015,4,ZAF_3_WC015,Swartland LM,1,288
ZAF_4_WC022,4,ZAF_3_WC022,Witzenberg LM,1,289
ZAF_4_WC023,4,ZAF_3_WC023,Drakenstein LM,1,290
ZAF_4_WC024,4,ZAF_3_WC024,Stellenbosch LM,1,291
ZAF_4_WC025,4,ZAF_3_WC025,Breede Valley LM,1,292
ZAF_4_WC026,4,ZAF_3_WC026,Langeberg LM,1,293
ZAF_4_WC031,4,ZAF_3_WC031,Theewaterskloof LM,1,294
ZAF_4_WC032,4,ZAF_3_WC032,Overstrand LM,1,295
ZAF_4_WC033,4,ZAF_3_WC033,Cape Agulhas LM,1,296
ZAF_4_WC034,4,ZAF_3_WC034,Swellendam LM,1,297
ZAF_4_WC041,4,ZAF_3_WC041,Kannaland LM,1,298
ZAF_4_WC042,4,ZAF_3_WC042,Hessequa LM,1,299
ZAF_4_WC043,4,ZAF_3_WC043,Mossel Bay LM,1,300
ZAF_4_WC044,4,ZAF_3_WC044,George LM,1,301
ZAF_4_WC045,4,ZAF_3_WC045,Oudtshoorn LM,1,302
ZAF_4_WC047,4,ZAF_3_WC047,Bitou LM,1,303
ZAF_4_WC048,4,ZAF_3_WC048,Knysna LM,1,304
ZAF_4_WC051,4,ZAF_3_WC051,Laingsburg LM,1,305
ZAF_4_WC052,4,ZAF_3_WC052,Prince Albert LM,1,306
ZAF_4_WC053,4,ZAF_3_WC053,Beaufort West LM,1,307
ZAF_4_NC061,4,ZAF_3_NC061,Richtersveld LM,3,308
ZAF_4_NC062,4,ZAF_3_NC062,Nama Khoi LM,3,309
ZAF_4_NC064,4,ZAF_3_NC064,Kamiesberg LM,3,310
ZAF_4_NC065,4,ZAF_3_NC065,Hantam LM,3,311
ZAF_4_NC066,4,ZAF_3_NC066,Karoo Hoogland LM,3,312
ZAF_4_NC067,4,ZAF_3_NC067,Khâi-Ma LM,3,313
ZAF_4_NC071,4,ZAF_3_NC071,Ubuntu LM,3,314
ZAF_4_NC072,4,ZAF_3_NC072,Umsobomvu LM,3,315
ZAF_4_NC073,4,ZAF_3_NC073,Emthanjeni LM,3,316
ZAF_4_NC074,4,ZAF_3_NC074,Kareeberg LM,3,317
ZAF_4_NC075,4,ZAF_3_NC075,Renosterberg LM,3,318
ZAF_4_NC076,4,ZAF_3_NC076,Thembelihle LM,3,319
ZAF_4_NC077,4,ZAF_3_NC077,Siyathemba LM,3,320
ZAF_4_NC078,4,ZAF_3_NC078,Siyancuma LM,3,321
ZAF_4_NC082,4,ZAF_3_NC082,Kai !Garib LM,3,322
ZAF_4_NC084,4,ZAF_3_NC084,!Kheis LM,3,323
ZAF_4_NC085,4,ZAF_3_NC085,Tsantsabane LM,3,324
ZAF_4_NC086,4,ZAF_3_NC086,Kgatelopele LM,3,325
ZAF_4_NC087,4,ZAF_3_NC087,Dawid Kruiper LM,3,326
ZAF_4_NC091,4,ZAF_3_NC091,Sol Plaatje LM,3,327
ZAF_4_NC092,4,ZAF_3_NC092,Dikgatlong LM,3,328
ZAF_4_NC093,4,ZAF_3_NC093,Magareng LM,3,329
ZAF_4_NC094,4,ZAF_3_NC094,Phokwane LM,3,330
ZAF_4_NC451,4,ZAF_3_NC451,Joe Morolong LM,3,331
ZAF_4_NC452,4,ZAF_3_NC452,Ga-Segonyana LM,3,332
ZAF_4_NC453,4,ZAF_3_NC453,Gamagara LM,3,333
ZAF_4_BUF,4,ZAF_3_BUF,Buffalo City SD,2,334
ZAF_4_NMAA,4,ZAF_3_NMA,N Mandela A SD,2,335
ZAF_4_NMAB,4,ZAF_3_NMA,N Mandela B SD,2,336
ZAF_4_NMAC,4,ZAF_3_NMA,N Mandela C SD,2,337
ZAF_4_EC101,4,ZAF_3_EC101,Dr B Naudé LM,2,338
ZAF_4_EC102,4,ZAF_3_EC102,Blue Crane Route LM,2,339
ZAF_4_EC104,4,ZAF_3_EC104,Makana LM,2,340
ZAF_4_EC105,4,ZAF_3_EC105,Ndlambe LM,2,341
ZAF_4_EC106,4,ZAF_3_EC106,Sundays River Valley LM,2,342
ZAF_4_EC108,4,ZAF_3_EC108,Kouga LM,2,343
ZAF_4_EC109,4,ZAF_3_EC109,Kou-Kamma LM,2,344
ZAF_4_EC121,4,ZAF_3_EC121,Mbhashe LM,2,345
ZAF_4_EC122,4,ZAF_3_EC122,Mnquma LM,2,346
ZAF_4_EC123,4,ZAF_3_EC123,Great Kei LM,2,347
ZAF_4_EC124,4,ZAF_3_EC124,Amahlathi LM,2,348
ZAF_4_EC126,4,ZAF_3_EC126,Ngqushwa LM,2,349
ZAF_4_EC129,4,ZAF_3_EC129,Raymond Mhlaba LM,2,350
ZAF_4_EC131,4,ZAF_3_EC131,Inxuba Yethemba LM,2,351
ZAF_4_EC135,4,ZAF_3_EC135,Intsika Yethu LM,2,352
ZAF_4_EC136,4,ZAF_3_EC136,Emalahleni LM,2,353
ZAF_4_EC137,4,ZAF_3_EC137,Engcobo LM,2,354
ZAF_4_EC138,4,ZAF_3_EC138,Sakhisizwe LM,2,355
ZAF_4_EC139,4,ZAF_3_EC139,Enoch Mgijima LM,2,356
ZAF_4_EC141,4,ZAF_3_EC141,Elundini LM,2,357
ZAF_4_EC142,4,ZAF_3_EC142,Senqu LM,2,358
ZAF_4_EC145,4,ZAF_3_EC145,Walter Sisulu LM,2,359
ZAF_4_EC153,4,ZAF_3_EC153,Ingquza Hill LM,2,360
ZAF_4_EC154,4,ZAF_3_EC154,Port St Johns LM,2,361
ZAF_4_EC155,4,ZAF_3_EC155,Nyandeni LM,2,362
ZAF_4_EC156,4,ZAF_3_EC156,Mhlontlo LM,2,363
ZAF_4_EC157,4,ZAF_3_EC157,King Sabata Dalindyebo LM,2,364
ZAF_4_EC441,4,ZAF_3_EC441,Matatiele LM,2,365
ZAF_4_EC442,4,ZAF_3_EC442,Umzimvubu LM,2,366
ZAF_4_EC443,4,ZAF_3_EC443,Mbizana LM,2,367
ZAF_4_EC444,4,ZAF_3_EC444,Ntabankulu LM,2,368
ZAF_4_MAN1,4,ZAF_3_MAN,Bloemfontein SD,4,369
ZAF_4_MAN2,4,ZAF_3_MAN,Botshabelo SD,4,370
ZAF_4_MAN3,4,ZAF_3_MAN,Naledi SD,4,371
ZAF_4_MAN4,4,ZAF_3_MAN,Thaba N'chu SD,4,372
ZAF_4_FS161,4,ZAF_3_FS161,Letsemeng LM,4,373
ZAF_4_FS162,4,ZAF_3_FS162,Kopanong LM,4,374
ZAF_4_FS163,4,ZAF_3_FS163,Mohokare LM,4,375
ZAF_4_FS181,4,ZAF_3_FS181,Masilonyana LM,4,376
ZAF_4_FS182,4,ZAF_3_FS182,Tokologo LM,4,377
ZAF_4_FS183,4,ZAF_3_FS183,Tswelopele LM,4,378
ZAF_4_FS184,4,ZAF_3_FS184,Matjhabeng LM,4,379
ZAF_4_FS185,4,ZAF_3_FS185,Nala LM,4,380
ZAF_4_FS191,4,ZAF_3_FS191,Setsoto LM,4,381
ZAF_4_FS192,4,ZAF_3_FS192,Dihlabeng LM,4,382
ZAF_4_FS193,4,ZAF_3_FS193,Nketoana LM,4,383
ZAF_4_FS194,4,ZAF_3_FS194,Maluti-a-Phofung LM,4,384
ZAF_4_FS195,4,ZAF_3_FS195,Phumelela LM,4,385
ZAF_4_FS196,4,ZAF_3_FS196,Mantsopa LM,4,386
ZAF_4_FS201,4,ZAF_3_FS201,Moqhaka LM,4,387
ZAF_4_FS203,4,ZAF_3_FS203,Ngwathe LM,4,388
ZAF_4_FS204,4,ZAF_3_FS204,Metsimaholo LM,4,389
ZAF_4_FS205,4,ZAF_3_FS205,Mafube LM,4,390
ZAF_4_ETH,4,ZAF_3_ETH,eThekwini MM Sub,5,391
ZAF_4_KZN212,4,ZAF_3_KZN212,Umdoni LM,5,392
ZAF_4_KZN213,4,ZAF_3_KZN213,Umzumbe LM,5,393
ZAF_4_KZN214,4,ZAF_3_KZN214,Umuziwabantu LM,5,394
ZAF_4_KZN216,4,ZAF_3_KZN216,Ray Nkonyeni LM,5,395
ZAF_4_KZN221,4,ZAF_3_KZN221,uMshwathi LM,5,396
ZAF_4_KZN222,4,ZAF_3_KZN222,uMngeni LM,5,397
ZAF_4_KZN223,4,ZAF_3_KZN223,Mpofana LM,5,398
ZAF_4_KZN224,4,ZAF_3_KZN224,Impendle LM,5,399
ZAF_4_KZN225,4,ZAF_3_KZN225,Msunduzi LM,5,400
ZAF_4_KZN226,4,ZAF_3_KZN226,Mkhambathini LM,5,401
ZAF_4_KZN227,4,ZAF_3_KZN227,Richmond LM,5,402
ZAF_4_KZN235,4,ZAF_3_KZN235,Okhahlamba LM,5,403
ZAF_4_KZN237,4,ZAF_3_KZN237,Inkosi Langalibalele LM,5,404
ZAF_4_KZN238,4,ZAF_3_KZN238,Alfred Duma LM,5,405
ZAF_4_KZN241,4,ZAF_3_KZN241,Endumeni LM,5,406
ZAF_4_KZN242,4,ZAF_3_KZN242,Nquthu LM,5,407
ZAF_4_KZN244,4,ZAF_3_KZN244,Msinga LM,5,408
ZAF_4_KZN245,4,ZAF_3_KZN245,Umvoti LM,5,409
ZAF_4_KZN252,4,ZAF_3_KZN252,Newcastle LM,5,410
ZAF_4_KZN253,4,ZAF_3_KZN253,Emadlangeni LM,5,411
ZAF_4_KZN254,4,ZAF_3_KZN254,Dannhauser LM,5,412
ZAF_4_KZN261,4,ZAF_3_KZN261,eDumbe LM,5,413
ZAF_4_KZN262,4,ZAF_3_KZN262,uPhongolo LM,5,414
ZAF_4_KZN263,4,ZAF_3_KZN263,AbaQulusi LM,5,415
ZAF_4_KZN265,4,ZAF_3_KZN265,Nongoma LM,5,416
ZAF_4_KZN266,4,ZAF_3_KZN266,Ulundi LM,5,417
ZAF_4_KZN271,4,ZAF_3_KZN271,uMhlabuyalingana LM,5,418
ZAF_4_KZN272,4,ZAF_3_KZN272,Jozini LM,5,419
ZAF_4_KZN275,4,ZAF_3_KZN275,Mtubatuba LM,5,420
ZAF_4_KZN276,4,ZAF_3_KZN276,Big 5 Hlabisa LM,5,421
ZAF_4_KZN281,4,ZAF_3_KZN281,uMfolozi LM,5,422
ZAF_4_KZN282,4,ZAF_3_KZN282,City of uMhlathuze LM,5,423
ZAF_4_KZN284,4,ZAF_3_KZN284,uMlalazi LM,5,424
ZAF_4_KZN285,4,ZAF_3_KZN285,Mthonjaneni LM,5,425
ZAF_4_KZN286,4,ZAF_3_KZN286,Nkandla LM,5,426
ZAF_4_KZN291,4,ZAF_3_KZN291,Mandeni LM,5,427
ZAF_4_KZN292,4,ZAF_3_KZN292,KwaDukuza LM,5,428
ZAF_4_KZN293,4,ZAF_3_KZN293,Ndwedwe LM,5,429
ZAF_4_KZN294,4,ZAF_3_KZN294,Maphumulo LM,5,430
ZAF_4_KZN433,4,ZAF_3_KZN433,Gr Kokstad LM,5,431
ZAF_4_KZN434,4,ZAF_3_KZN434,Ubuhlebezwe LM,5,432
ZAF_4_KZN435,4,ZAF_3_KZN435,uMzimkhulu LM,5,433
ZAF_4_KZN436,4,ZAF_3_KZN436,Dr N Dlamini Zuma LM,5,434
ZAF_4_MP301,4,ZAF_3_MP301,Chief Albert Luthuli LM,8,435
ZAF_4_MP302,4,ZAF_3_MP302,Msukaligwa LM,8,436
ZAF_4_MP303,4,ZAF_3_MP303,Mkhondo LM,8,437
ZAF_4_MP304,4,ZAF_3_MP304,Dr Pixley Ka Isaka Seme LM,8,438
ZAF_4_MP305,4,ZAF_3_MP305,Lekwa LM,8,439
ZAF_4_MP306,4,ZAF_3_MP306,Dipaleseng LM,8,440
ZAF_4_MP307,4,ZAF_3_MP307,Govan Mbeki LM,8,441
ZAF_4_MP311,4,ZAF_3_MP311,Victor Khanye LM,8,442
ZAF_4_MP312,4,ZAF_3_MP312,Emalahleni LM,8,443
ZAF_4_MP313,4,ZAF_3_MP313,Steve Tshwete LM,8,444
ZAF_4_MP314,4,ZAF_3_MP314,Emakhazeni LM,8,445
ZAF_4_MP315,4,ZAF_3_MP315,Thembisile Hani LM,8,446
ZAF_4_MP316,4,ZAF_3_MP316,Dr JS Moroka LM,8,447
ZAF_4_MP321,4,ZAF_3_MP321,Thaba Chweu LM,8,448
ZAF_4_MP324,4,ZAF_3_MP324,Nkomazi LM,8,449
ZAF_4_MP325,4,ZAF_3_MP325,Bushbuckridge LM,8,450
ZAF_4_MP326,4,ZAF_3_MP326,City of Mbombela LM,8,451
ZAF_4_LIM331,4,ZAF_3_LIM331,Greater Giyani LM,9,452
ZAF_4_LIM332,4,ZAF_3_LIM332,Greater Letaba LM,9,453
ZAF_4_LIM333,4,ZAF_3_LIM333,Greater Tzaneen LM,9,454
ZAF_4_LIM334,4,ZAF_3_LIM334,Ba-Phalaborwa LM,9,455
ZAF_4_LIM335,4,ZAF_3_LIM335,Maruleng LM,9,456
ZAF_4_LIM341,4,ZAF_3_LIM341,Musina LM,9,457
ZAF_4_LIM343,4,ZAF_3_LIM343,Thulamela LM,9,458
ZAF_4_LIM344,4,ZAF_3_LIM344,Makhado LM,9,459
ZAF_4_LIM345,4,ZAF_3_LIM345,Collins Chabane LM,9,460
ZAF_4_LIM351,4,ZAF_3_LIM351,Blouberg LM,9,461
ZAF_4_LIM353,4,ZAF_3_LIM353,Molemole LM,9,462
ZAF_4_LIM354,4,ZAF_3_LIM354,Polokwane LM,9,463
ZAF_4_LIM355,4,ZAF_3_LIM355,Lepelle-Nkumpi LM,9,464
ZAF_4_LIM361,4,ZAF_3_LIM361,Thabazimbi LM,9,465
ZAF_4_LIM362,4,ZAF_3_LIM362,Lephalale LM,9,466
ZAF_4_LIM366,4,ZAF_3_LIM366,Bela-Bela LM,9,467
ZAF_4_LIM367,4,ZAF_3_LIM367,Mogalakwena LM,9,468
ZAF_4_LIM368,4,ZAF_3_LIM368,Mookgophong/Modimolle LM,9,469
ZAF_4_LIM471,4,ZAF_3_LIM471,Ephraim Mogale LM,9,470
ZAF_4_LIM472,4,ZAF_3_LIM472,E Motsoaledi LM,9,471
ZAF_4_LIM473,4,ZAF_3_LIM473,Makhuduthamaga LM,9,472
ZAF_4_LIM476,4,ZAF_3_LIM476,Fetakgomo Tubatse LM,9,473
ZAF_4_NW371,4,ZAF_3_NW371,Moretele LM,6,474
ZAF_4_NW372,4,ZAF_3_NW372,Madibeng LM,6,475
ZAF_4_NW373,4,ZAF_3_NW373,Rustenburg LM,6,476
ZAF_4_NW374,4,ZAF_3_NW374,Kgetlengrivier LM,6,477
ZAF_4_NW375,4,ZAF_3_NW375,Moses Kotane LM,6,478
ZAF_4_NW381,4,ZAF_3_NW381,Ratlou LM,6,479
ZAF_4_NW382,4,ZAF_3_NW382,Tswaing LM,6,480
ZAF_4_NW383,4,ZAF_3_NW383,Mahikeng LM,6,481
ZAF_4_NW384,4,ZAF_3_NW384,Ditsobotla LM,6,482
ZAF_4_NW385,4,ZAF_3_NW385,R Moiloa LM,6,483
ZAF_4_NW392,4,ZAF_3_NW392,Naledi LM,6,484
ZAF_4_NW393,4,ZAF_3_NW393,Mamusa LM,6,485
ZAF_4_NW394,4,ZAF_3_NW394,Greater Taung LM,6,486
ZAF_4_NW396,4,ZAF_3_NW396,Lekwa-Teemane LM,6,487
ZAF_4_NW397,4,ZAF_3_NW397,Kagisano-Molopo LM,6,488
ZAF_4_NW403,4,ZAF_3_NW403,City of Matlosana LM,6,489
ZAF_4_NW404,4,ZAF_3_NW404,Maquassi Hills LM,6,490
ZAF_4_NW405,4,ZAF_3_NW405,JB Marks LM,6,491
ZAF_4_EKUE1,4,ZAF_3_EKU,Ekurhuleni E1 SD,7,492
ZAF_4_EKUE2,4,ZAF_3_EKU,Ekurhuleni E2 SD,7,493
ZAF_4_EKUN1,4,ZAF_3_EKU,Ekurhuleni N1 SD,7,494
ZAF_4_EKUN2,4,ZAF_3_EKU,Ekurhuleni N2 SD,7,495
ZAF_4_EKUS1,4,ZAF_3_EKU,Ekurhuleni S1 SD,7,496
ZAF_4_EKUS2,4,ZAF_3_EKU,Ekurhuleni S2 SD,7,497
ZAF_4_JHBA,4,ZAF_3_JHB,Johannesburg A SD,7,498
ZAF_4_JHBB,4,ZAF_3_JHB,Johannesburg B SD,7,499
ZAF_4_JHBC,4,ZAF_3_JHB,Johannesburg C SD,7,500
ZAF_4_JHBD,4,ZAF_3_JHB,Johannesburg D SD,7,501
ZAF_4_JHBE,4,ZAF_3_JHB,Johannesburg E SD,7,502
ZAF_4_JHBF,4,ZAF_3_JHB,Johannesburg F SD,7,503
ZAF_4_JHBG,4,ZAF_3_JHB,Johannesburg G SD,7,504
ZAF_4_TSH1,4,ZAF_3_TSH,Tshwane 1 SD,7,505
ZAF_4_TSH2,4,ZAF_3_TSH,Tshwane 2 SD,7,506
ZAF_4_TSH3,4,ZAF_3_TSH,Tshwane 3 SD,7,507
ZAF_4_TSH4,4,ZAF_3_TSH,Tshwane 4 SD,7,508
ZAF_4_TSH5,4,ZAF_3_TSH,Tshwane 5 SD,7,509
ZAF_4_TSH6,4,ZAF_3_TSH,Tshwane 6 SD,7,510
ZAF_4_TSH7,4,ZAF_3_TSH,Tshwane 7 SD,7,511
ZAF_4_GT421,4,ZAF_3_GT421,Emfuleni LM,7,512
ZAF_4_GT422,4,ZAF_3_GT422,Midvaal LM,7,513
ZAF_4_GT423,4,ZAF_3_GT423,Lesedi LM,7,514
ZAF_4_GT481,4,ZAF_3_GT481,Mogale City LM,7,515
ZAF_4_GT484,4,ZAF_3_GT484,Merafong City LM,7,516
ZAF_4_GT485,4,ZAF_3_GT485,Rand West City LM,7,517
